discription,name,是否测试,civitai_url,prompt,high_noise_lora,high_noise_lora_id,low_noise_lora,low_noise_lora_id,,,,,,,,,,,,
Breast Expansion,Breast Expansion,已测试,https://civitai.com/models/1918611,"Br3ast3xpansion, her breasts grow",LORA_I2V_Breast_Expansion_v5_H.safetensors,2204414,LORA_I2V_Breast_Expansion_v5_L.safetensors,2204588,,,,,,,,,,,,
Breast Expansion Grabbing,Grabbing Breast,已测试,https://civitai.com/models/1918611,"Br3ast3xpansion, her breasts grow, grabbing breasts",LORA_I2V_Breast_Expansion_v5_H.safetensors,2204414,LORA_I2V_Breast_Expansion_v5_L.safetensors,2204588,,,,,,,,,,,,
Fingering,Fingering,已测试,https://civitai.com/models/1952032,"she uses her hands to pull down her pants Quickly, show her vagina. Woman smiles at camera. She then sits on the floor, show her vagina. The camera zooms in for a close up of the womans vulva. Close-up stays for 2 seconds The upward-looking camera angle. sensual_fingering The beautiful girl is fingering her vagina with her two middle fingers, her fingers are slowly sliding in and out of her vagina, water is squirting out of her vagina when her fingers slides out.",LORA_I2V_Fingering_H.safetensors,2209275,LORA_I2V_Fingering_L.safetensors,2209481,,,,,,,,,,,,
Fingering Pussy,Fingering Pussy,已测试,https://civitai.com/models/2007360,"she uses her hands to pull down her pants Quickly, show her vagina. Woman smiles at camera. She then sits on the floor, show her vagina. The camera zooms in for a close up of the womans vulva. Close-up stays for 2 seconds The upward-looking camera angle. sensual_fingering The beautiful girl is fingering her vagina with her two middle fingers, her fingers are slowly sliding in and out of her vagina, water is squirting out of her vagina when her fingers slides out.",LORA_I2V_Fingering_Pussy_H.safetensors,2272024,LORA_I2V_Fingering_Pussy_L.safetensors,2272102,,,,,,,,,,,,
Deepthroat Blowjob,Deepthroat,已测试,https://civitai.com/models/1497390,"blowjob, deepthroat; a man enters from the left, his massive erect penis and testicles clearly visible. She sensually begins deepthroat fellatio, sucking the man's erect penis while rocking her head back and forth. The foreskin is pulled back as the shaft plunges deep into her mouth and throat. Transparent saliva coats the shaft. She extends her arms, caressing the man's abdomen.",LORA_I2V_Deepthroat_Blowjob_H.safetensors,2152516,LORA_I2V_Deepthroat_Blowjob_L.safetensors,2152583,,,,,,,,,,,,
Deepthroat Blowjob Pov,Pov Blowjob,已测试,https://civitai.com/models/1497390,"blowjob, deepthroat, pov; a man massive erect penis and testicles clearly visible. She sensually begins deepthroat fellatio, sucking the man's erect penis while rocking her head back and forth. The foreskin is pulled back as the shaft plunges deep into her mouth and throat. Transparent saliva coats the shaft. She extends her arms, caressing the man's abdomen.",LORA_I2V_Deepthroat_Blowjob_H.safetensors,2152516,LORA_I2V_Deepthroat_Blowjob_L.safetensors,2152583,,,,,,,,,,,,
Deepthroat Blowjob Wet,Wet Blowjob,已测试,https://civitai.com/models/1497390,"blowjob, deepthroat, pov; a video on a woman with fair skin performing a deepthroat blowjob. She kneeling in front of a man. The man is moving his erect penis back and forth in the woman mouth and throat, while she is sucking the man's penis, the penis is going deep into her mouth and throat. Her throat is prominently bulging as the man's penis penetrates her mouth and throat. She makes the penis wet with translucent saliva. a bit of foamy translucent saliva accumulates on the penis",LORA_I2V_Deepthroat_Blowjob_H.safetensors,2152516,LORA_I2V_Deepthroat_Blowjob_L.safetensors,2152583,,,,,,,,,,,,
Ultimate DeepThroat,Ultimate DeepThroat,已测试,https://civitai.com/models/1874811,"a woman in front of a penis, she engages in a deep throat blowjob, she swallows the penis all the way. Her lips touches the mans groin. Her nose smashes against the man's hips.",LORA_I2V_Ultimate_DeepThroat_V1.1_H.safetensors,2325788,LORA_I2V_Ultimate_DeepThroat_V1.1_L.safetensors,2191446,,,,,,,,,,,,
Ultimate DeepThroat Hard,DeepThroat Hard,已测试,https://civitai.com/models/1874811,"a man enters from the side, only his lower body is visible, side view of his hips, thighs and legs, with a gigantic erected penis with testicles appears and she starts engaging in a deepthroat blowjob with that penis. She swallows the entire penis, her nose smashes agains the man's hips. She moves her head back and fort swallowing the penis, realistic proportions, natural lighting, cinematic composition",LORA_I2V_Ultimate_DeepThroat_V1.1_H.safetensors,2325788,LORA_I2V_Ultimate_DeepThroat_V1.1_L.safetensors,2191446,,,,,,,,,,,,
Facesplash Comeshot,Facesplash Comeshot,已测试,https://civitai.com/models/1922973,"f4c3spl4sh, the scenes starts with the camera zooming out revealing a cinematic scene with a woman in the frame with a man entering from the right side, only his lower body is visible, side view of his hips, thighs and legs, with a gigantic erected penis with testicles. She starts recieving a cumshot on her face from the penis. The stream of semen is directed towards her mouth. The force of the ejaculation is strong, and the trajectory of the semen is aimed directly at her open mouth. The quantity of semen is substantial, covering a significant portion of her face and neck area. The woman's eyes are open, and her mouth is slightly open as she receives the semen. The camera is positioned close to the woman's face and chest, capturing the moment of male ejaculation directly onto her face and chest. The semen is seen forcefully erupting from the penis and landing on her skin, creating a visible pool of semen on her chest.",LORA_I2V_Facesplash_Comeshot_H.safetensors,2178869,LORA_I2V_Facesplash_Comeshot_L.safetensors,2176450,,,,,,,,,,,,
Facial Cumshots,Facial Cumshots,已测试,https://civitai.com/models/1436911,"A woman is receiving a load of cum on her face, a man holding his penis in his hand and stroking it ejaculates cum or white semen into the woman's face.",LORA_I2V_Facial_Cumshots_H.safetensors,2245063,LORA_I2V_Facial_Cumshots_L.safetensors,2245076,,,,,,,,,,,,
Penis Play,Penis Play,已测试,https://civitai.com/models/1844313,"A woman performs penis worshipping, holding a large, erect penis with both hands and bringing it towards her face. She is licking the shaft, smiling. She continues to kiss and suck the penis, then rubs it on her face. Camera is focused from a low, upward angle.",LORA_I2V_Penis_Play_H.safetensors,2087173,LORA_I2V_Penis_Play_L.safetensors,2087124,,,,,,,,,,,,
Anal Sex,Anal Sex,已测试,https://civitai.com/models/1426284,"the woman turns around to the right, displaying her back side in front of the viewer facing away from the viewer. she uses her hands to pull down her pants slightly, presenting her ginormous, pale ass bending over. leaking out of her anus and vagina. 

then a man appears at the bottom and quickly inserts his penis into her anal. anal sex. she keeps looking at the camera throughout the whole video",LORA_I2V_Anal_Sex_H.safetensors,2161023,LORA_I2V_Anal_Sex_L.safetensors,2161067,,,,,,,,,,,,
Oral Insertion,Oral Insertion,已测试,https://civitai.com/models/1874153,A man appears and she sucks his penis,LORA_I2V_Oral_Insertion_H.safetensors,-,LORA_I2V_Oral_Insertion_L.safetensors,-,,,,,,,,,,,,
POV Insertion doggy,POV Doggy,已测试,https://civitai.com/models/1855263,"the woman turns around to the right, displaying her back side in front of the viewer facing away from the viewer. she uses her hands to pull down her pants slightly, presenting her ginormous, pale ass bending over. leaking out of her anus and vagina. A man appears and inserts his penis into her pussy",LORA_I2V_POV_Insertion_H.safetensors,-,LORA_I2V_POV_Insertion_L.safetensors,-,,,,,,,,,,,,
POV Insertion doggy cuts,POV Doggy Cuts,已测试,https://civitai.com/models/1855263,"The girl teasingly lifts up her clothes, exposing her perfect, natural breasts, and sways them playfully towards the viewer, her eyes sparkling with mischief. The camera captures her every movement, highlighting the way her skin glistens under the light, and the subtle bounce of her breasts with each sway. Suddenly, the scene cuts to a doggy-style sex POV, the camera angle shifting to place the viewer behind her, bent over a cluttered table. Her ass is up, her perfect, puffy vagina and anus visible, the camera focusing on the intimate details. The viewer grabs his penis with his hand, guiding it into her vagina, the camera capturing the POV insertion, highlighting the contrast between his erect penis and her wet, inviting entrance. He begins to pound her, his hips thrusting back and forth with a relentless rhythm, the camera angles shifting to capture the way her ass ripples and her body sways erratically with each impact. ",LORA_I2V_POV_Insertion_H.safetensors,-,LORA_I2V_POV_Insertion_L.safetensors,-,,,,,,,,,,,,
POV Insertion kneels,POV Kneels,已测试,https://civitai.com/models/1855263,"the woman kneels on the bed. a man with a large penis walks in from the left. he quickly pulls down her pants revealing her naked ass. then she bends over and he pushes his erect penis into the girl's vagina and fucks the girl in the pussy with his penis, the penis thrusting in and out of her vagina as they have vaginal sex. she moans and screams, grimacing from pain and agony. she keeps looking at the camera throughout the whole video",LORA_I2V_POV_Insertion_H.safetensors,-,LORA_I2V_POV_Insertion_L.safetensors,-,,,,,,,,,,,,
POV Insertion Straddling,POV Straddling,已测试,https://civitai.com/models/1855263,"The camera follows the same woman as she pulls up her skirt with both hands, exposing her vagina. She moves forward, bends down, and squats with her legs spread, straddling a man's crotch—his penis is erect. The woman presses her hips down onto the penis, which enters her vagina. She then leans back and sits down while the penis remains inside her. The man grips her legs tightly with both hands. This scene is filmed from a low angle.",LORA_I2V_POV_Insertion_H.safetensors,-,LORA_I2V_POV_Insertion_L.safetensors,-,,,,,,,,,,,,
Bouncy Walk,Bouncy Walk,已测试,https://civitai.com/models/1361346,"walking into the direction of the moving camera, her breasts are bouncing",LORA_I2V_Bouncy_Walk_H.safetensors,2261902,LORA_I2V_Bouncy_Walk_L.safetensors,2261896,,,,,,,,,,,,
Sex Smash Cut,Sex Smash Cut,已测试,https://civitai.com/models/2058870,<SM4SHCUT> The scene changes and a man is thrusting his penis into and out of her pussy,LORA_I2V_Sex_Smash_Cut_H.safetensors,2329873,LORA_I2V_Sex_Smash_Cut_L.safetensors,2329863,,,,,,,,,,,,
Dance Swaying Breasts,Breasts Swaying,已测试,https://civitai.com/models/1921237,"dncng, she is dancing, swaying her breasts, both hands above head",LORA_I2V_Dance_Swaying_Breasts_H.safetensors,2198535,LORA_I2V_Dance_Swaying_Breasts_L.safetensors,2198546,,,,,,,,,,,,
Face Fuck Hard,Face Fuck Hard,已测试,https://civitai.com/models/2023407,"a woman is kneeling in front of a man, she is gasping for air, he is grabbing her head and pulls her head towards his penis, then he starts face fucking her, he is grabbing her head and rapidly moving her head back and forth along the length of the penis, then he starts rapidly thrusting his hips back and forth moving the penis inside her mouth, she is gagging",LORA_I2V_Face_Fuck_Hard_H.safetensors,2383114,LORA_I2V_Face_Fuck_Hard_L.safetensors,2383158,,,,,,,,,,,,
POV Missionary Insertion Cut,POV Missionary Cut,已测试,https://civitai.com/models/1983608,"Immediately cut to a new scene where the exact same person is now completely naked and lying on their back, and she moves her head forward slightly. The scene is a top-down view showing the same woman completely nude, with their legs in an open position, with her vagina visible. At the bottom of the frame a man can be partially seen, as the man takes his penis with his hand and inserts his penis into the woman's vagina, pushing his body towards her. He then moves back and forward, as he pushes his penis into the woman's vagina repeatedly. The angle is from the point of view of the man at the bottom of the frame.",LORA_I2V_POV_Missionary_Insertion_H.safetensors,2245356,LORA_I2V_POV_Missionary_Insertion_L.safetensors,2245426,,,,,,,,,,,,
POV Missionary Insertion Magic Wand,Missionary Magic Wand,已测试,https://civitai.com/models/1983608,"a hand holding a magic wand appears from the bottom of the screen and shoots a powerful gust of sparkles at the woman, ripping her clothing and sending the ripped fabric flying off into the distance, she is flung backwards as the powerful blast knocks things over and she's stumbling back as she loses her balance. she lands on the bed with her legs spread and realizes she is completely naked {only wearing {pink|} fishnet thighhighs|}. then at the bottom of the frame a man can be partially seen, as the man takes his penis with his hand and inserts his penis into the woman's vagina, pushing his body towards her. He then moves back and forward, as he pushes his penis into the woman's vagina repeatedly. The angle is from the point of view of the man at the bottom of the frame. she moans and screams, grimacing from pain and agony",LORA_I2V_POV_Missionary_Insertion_H.safetensors,2245356,LORA_I2V_POV_Missionary_Insertion_L.safetensors,2245426,,,,,,,,,,,,
POV Missionary Insertion Undress,POV Missionary Undress,已测试,https://civitai.com/models/1983608,"The camera zooms in. She is lying down on her back, spreading her legs. She opens her shirt exposing her breasts and nipples. Her breasts are bouncing. At the bottom of the frame a man can be partially seen, as the man inserts his penis into the her vagina, pushing his body towards her. He then moves back and forward, as he pushes his penis into her vagina repeatedly. The angle is from the point of view of the man at the bottom of the frame.",LORA_I2V_POV_Missionary_Insertion_H.safetensors,2245356,LORA_I2V_POV_Missionary_Insertion_L.safetensors,2245426,,,,,,,,,,,,
POV Missionary Insertion Lying Down,Missionary Lying Down,已测试,https://civitai.com/models/1983608,"She is lying down on her back, She lifts and holds her legs wide open, her innie vagina is visible. The scene is a top-down view.
Her shirt opens exposing her small breast and nipples.
At the bottom of the frame a man can be partially seen, as the man inserts his penis into the her vagina, pushing his body towards her. He then moves back and forward, as he pushes his penis into her vagina repeatedly. The angle is from the point of view of the man at the bottom of the frame.
Her breasts are bouncing.",LORA_I2V_POV_Missionary_Insertion_H.safetensors,2245356,LORA_I2V_POV_Missionary_Insertion_L.safetensors,2245426,,,,,,,,,,,,
POV Missionary Insertion On Bed,Missionary On Bed,已测试,https://civitai.com/models/1983608,"front view of woman on bed. she spread her thighs, revealing her pussy. camera move up, showing top down view. | man appears at bottom frame. he grab the woman's thighs. he insert his penis into woman's vagina, moving his body and thighs. woman looks at camera erotically.",LORA_I2V_POV_Missionary_Insertion_H.safetensors,2245356,LORA_I2V_POV_Missionary_Insertion_L.safetensors,2245426,,,,,,,,,,,,
POV Missionary Insertion Shocked,Missionary Shocked,已测试,https://civitai.com/models/1983608,"the woman moves her hand in front of her mouth, looking shocked | then it slowly cuts to a new scene where the exact same person is now lying on their back. The scene is a top-down view showing the same woman only wearing her blue sleeveless top, with their legs in an open position, with her vagina visible. she has a muscular body with big breasts and visible abs. At the bottom of the frame a man can be partially seen, as the man takes his penis with his hand and inserts his penis into the woman's vagina, pushing his body towards her. He then moves back and forward, as he pushes his penis into the woman's vagina repeatedly. The angle is from the point of view of the man at the bottom of the frame.",LORA_I2V_POV_Missionary_Insertion_H.safetensors,2245356,LORA_I2V_POV_Missionary_Insertion_L.safetensors,2245426,,,,,,,,,,,,
POV Missionary Insertion Smiling,Smiling Missionary,已测试,https://civitai.com/models/1983608,"she is smiling and waving her hands to the viewer.a moment later the camera makes a hard cut to POV view  of the the exact same. woman lying on her back with her legs spread, wearing her top while, her bottom are removed, with her vagina exposed and staring up at the viewer without breaking contact while having sex with a nude and his penis is already in the woman's vagina. she lift her top up to her neck level with her hands to reveal her breasts and nipples.
The nude man is thrusting his penis back and forth inside her vagina causing her body to rock up and down. Movements are fast and with bouncing breasts. motion are fast and rapid.
the man body is barely visible at the bottom,
she is moaning in pleasure.
camera is still and steady.",LORA_I2V_POV_Missionary_Insertion_H.safetensors,2245356,LORA_I2V_POV_Missionary_Insertion_L.safetensors,2245426,,,,,,,,,,,,
Doggy Slider,Doggy Slider,已测试,https://civitai.com/models/1987345,"Camera zooms out right away to reveal her on all fours, naked, ass in the air, having fast, rough, intense sex with a man behind her. The man is thrusting is penis inside her from behind, causing her hips to jolt with each impact. she keeps looking at the camera throughout the whole video",LORA_I2V_Doggy_Slider_H.safetensors,2249683,LORA_I2V_Doggy_Slider_L.safetensors,2249697,,,,,,,,,,,,
Breast Play Lifted Up,Breast Play,已测试,https://civitai.com/models/1967237,"A video of best quality and hyperdetailed. She adjusts her tops to peep on her perfectly shaped breasts. She lifted the tops up so the viewer can see her breasts and nipples completely as she looks at the camera. 

The scene is a front view showing the woman walking.  She still lifted the tops up so the viewer can see her breasts and nipples completely as she looks at the camera. She doesn't adjust the tops. And then she pushes breasts them together with her hands seductively. She smiles playfully at camera. Finaly, she stopped touching her breasts. Zoom out from the character.",LORA_I2V_Breast_Play_V2_H.safetensors,2230125,LORA_I2V_Breast_Play_V2_L.safetensors,2230133,,,,,,,,,,,,
Breast Play Pull Down,Pull Down Breast ,已测试,https://civitai.com/models/1913617,"video of best quality and hyperdetailed. She adjusts her dress to peep on her perfectly shaped breasts. She slips and pull down the shoulder straps of her dress so the viewer can see her breasts and nipples completely as she looks at the camera. She stares at the man with a seductive stare. She keeps looking at the camera.
She don't adjusts the dress. And then she pushes breasts them together with her hands seductively. She smiles playfully at camera. ",LORA_I2V_Breast_Play_2_H.safetensors,2165895,LORA_I2V_Breast_Play_2_L.safetensors,2165919,,,,,,,,,,,,
Breast Play 2 Magic Wand,Breast Magic Wand,已测试,https://civitai.com/models/1913617,"a hand holding a magic wand appears from the bottom of the screen and shoots a powerful gust of sparkles at the woman, ripping her clothing and sending the ripped fabric flying off into the distance, she is flung backwards as the powerful blast knocks things over and she's stumbling back as she loses her balance. She naked very large breasts and starts grabbing her very large breasts",LORA_I2V_Breast_Play_2_H.safetensors,2165895,LORA_I2V_Breast_Play_2_L.safetensors,2165919,,,,,,,,,,,,
Water Splashing Naked,Water Splashing Naked,已测试,https://civitai.com/models/1913617,"a hand holding a bucket violently tosses a huge spray of water at the woman wearing a sweater and miniskirt, she gasps in surprise when water splashes across her body causing all of her clothes and sleeves to disappear completely and exposing her nudity, large breasts, and shaved pussy. There's no clothes left on her, she's entirely nude and bare. She covers her breasts, her mouth open in dismay. Afterward she is completely and entirely wet and dripping, her hair damp and wet as water runs down her body.",LORA_I2V_Breast_Play_2_H.safetensors,2165895,LORA_I2V_Breast_Play_2_L.safetensors,2165919,,,,,,,,,,,,
Breast Play 2 wave Hand,Breast Play Wave,已测试,https://civitai.com/models/1913617,"video of best quality and hyperdetailed. She adjusts her dress to peep on her perfectly shaped breasts. She slips and pull down the shoulder straps of her dress so the viewer can see her breasts and nipples completely as she looks at the camera. She stares at the man with a seductive stare. She keeps looking at the camera. 

The scene is a front view showing the woman walking. She still slips and pull down the shoulder straps of her dress so the viewer can see her breasts and nipples completely as she looks at the camera. She don't adjusts the dress.  And then she pushes breasts them together with her hands seductively. She smiles playfully at camera. Finaly, she stopped touching her breasts and Wave at the camera. CAMERA MOVEMENT:Zoom out and Low-angle shot to her body.",LORA_I2V_Breast_Play_2_H.safetensors,2165895,LORA_I2V_Breast_Play_2_L.safetensors,2165919,,,,,,,,,,,,
Macromastia Massaging Huge Breasts,Macromastia,已测试,https://civitai.com/models/1852647,"m4crom4sti4 A man appears from off-screen and The man gets behind a woman. She slips and pull down the shoulder straps of her dress so the viewer can see her breasts and nipples completely as she looks at the camera. She stares at the camera with a seductive stare. She keeps looking at the camera. 
Then the man is lifting and groping her breasts, touching her breasts and massaging her seductively. She smiles slightly at camera. Finaly, she stopped touching her breasts. Camera:Static Shot.",LORA_I2V_Macromastia_Huge_Breasts_H.safetensors,2265575,LORA_I2V_Macromastia_Huge_Breasts_L.safetensors,2266727,,,,,,,,,,,,
Macromastia Massaging Huge Breasts POV,POV Macromastia,已测试,https://civitai.com/models/1852647,"m4crom4sti4 A man appeared from under the screen. The man is off-screen and cannot be seen except for his arms. He unbuttons her shirt widely with his hands so the viewer can see her breasts and nipples completely as she looks at the camera. She stares at the camera with a seductive stare. She keeps looking at the camera. 
Then the man is lifting and groping her breasts, touching her breasts and massaging her seductively. She smiles slightly at camera. Finaly, she stopped touching her breasts. The man is off-screen and cannot be seen except for his arms.
The camera performs a smooth, crane down and zoom in to woman's face and breasts.",LORA_I2V_Macromastia_Huge_Breasts_H.safetensors,2265575,LORA_I2V_Macromastia_Huge_Breasts_L.safetensors,2266727,,,,,,,,,,,,
Macromastia Huge Breasts Low-angle,Huge Breasts Low-angle,已测试,https://civitai.com/models/1852647,"CAMERA MOVEMENT: orbit counterclockwise around a woman. She stares at the camera with a seductive stare. She keeps looking at the camera. 

CAMERA MOVEMENT:Low-angle shot to her body. She adjusts her tops to peep on her perfectly shaped breasts. She lifted the tops up so the viewer can see her breasts and nipples completely as she looks at the camera.She stares at the camera with a seductive stare. She keeps looking at the camera.",LORA_I2V_Macromastia_Huge_Breasts_H.safetensors,2265575,LORA_I2V_Macromastia_Huge_Breasts_L.safetensors,2266727,,,,,,,,,,,,
Macromastia Huge Breasts kiss,Macromastia kiss,已测试,https://civitai.com/models/1852647,"CAMERA MOVEMENT: static, focus on subject. She adjusts her Bikini top to peep on her perfectly shaped breasts. She lifted up and remove her bikini top, revealing her perky breasts. so the viewer can see her breasts and nipples completely as she looks at the camera.She stares at the camera with a seductive stare. She keeps looking at the camera. 
CAMERA MOVEMENT: Zoom in to woman's face.  She only put her lips close to the camera and made a kissing gesture. She stares at the camera with a seductive stare. She keeps looking at the camera.",LORA_I2V_Macromastia_Huge_Breasts_H.safetensors,2265575,LORA_I2V_Macromastia_Huge_Breasts_L.safetensors,2266727,,,,,,,,,,,,
Anal Reverse Cowgirl POV,Anal Cowgirl POV,已测试,https://civitai.com/models/1400486,"the woman turns around to the right, displaying her back side in front of the viewer facing away from the viewer. she uses her hands to pull down her pants slightly, presenting her ginormous, pale ass bending over. leaking out of her anus and vagina. then a man appears at the bottom and quickly inserts his penis into her anal. anal sex. she keeps looking at the camera throughout the whole video",LORA_I2V_Anal_Reverse_Cowgirl_POV_H.safetensors,2301414,LORA_I2V_Anal_Reverse_Cowgirl_POV_L.safetensors,2301389,,,,,,,,,,,,
Enhanced Walking Magic Nude Shy,Nude Walking Magic Shy,已测试,https://civitai.com/models/1363473,"the girl is walking,  and Her clothes magically morphs into nude body with medium breasts, nipple and perfect pussy. A spiral of magic stars descend around her as her clothes change. She looks down at her body,She bend and acts surprised, covers her vagina with her hands, opens her mouth and smiles while bending.",LORA_I2V_Enhanced_Walkin_H.safetensors,2254373,LORA_I2V_Enhanced_Walkin_L.safetensors,2254403,,,,,,,,,,,,
Enhanced Walking Magic Nude,Nude Walking Magic,已测试,https://civitai.com/models/1363473,"the girl is walking, and Her clothes magically morphs into nude body with medium breasts, nipple and perfect pussy. A spiral of magic stars descend around her as her clothes change. She stares at the camera with a seductive stare. She keeps looking at the camera.",LORA_I2V_Enhanced_Walkin_H.safetensors,2254373,LORA_I2V_Enhanced_Walkin_L.safetensors,2254403,,,,,,,,,,,,
Massage Tits,Massage Tits,已测试,https://civitai.com/models/1952945,She slips and pull down the shoulder straps of her dress so the viewer can see her breasts and nipples completely as she looks at the camera. She stares at the camera with a seductive stare. She keeps looking at the camera. A woman is standing naked. A man walks in from the right edge of screen. The man stands behind the woman. The man massages her breasts with his hands.,LORA_I2V_Massage_Tits_H.safetensors,2210306,LORA_I2V_Massage_Tits_L.safetensors,2210320,,,,,,,,,,,,
Pussy Licking,Pussy Licking,已测试,https://civitai.com/models/1954774,"cunn1l1ngu5 she uses her hands to pull down her pants slightly, presenting her ginormous, pale ass bending over. leaking out of her anus and vagina.  Close-up from the left side on her vulva. A second woman walks into the frame from the right side, leaning in. Her tongue flicks and sucks rhythmically on the clitoris. The recipient's hips make small, involuntary circles and twitches of pleasure. Her vagina gets wet and shiny. The scene is intimate, sensual, and focused on the detailed motion. Masterpiece, ultra-detailed, photorealistic skin texture.",LORA_I2V_Pussy_Licking_H.safetensors,2212384,LORA_I2V_Pussy_Licking_L.safetensors,2212394,,,,,,,,,,,,
Pussy Licking Cum,Pussy Cum Licking,已测试,https://civitai.com/models/1954774,"cunn1l1ngu5, Female ejaculation,
She stands on one leg, raising the other above her head, keeping her face and upper body visible.
The camera quickly pulls back to reveal her vagina and anus.
She is naked from the waist down, with no pubic hair and no underwear.
Then a man walks into the frame from the right, leaning in. His tongue flicks and sucks rhythmically on her clitoris.
A large amount of clear liquid squirts from her vagina upward and to the right.
Her vagina suddenly erupts with a strong jet of clear, dispersed fluid, spraying onto the man's hair and face. He closes his eyes and leans his head back.
The fluid stops, leaving the man's hair completely soaked, pressed against his scalp, with droplets sliding down. He touches his face with his palm, and finally, the woman laughs happily. Her face, clothing, and hairstyle remain consistent throughout.",LORA_I2V_Pussy_Licking_H.safetensors,2212384,LORA_I2V_Pussy_Licking_L.safetensors,2212394,,,,,,,,,,,,
SideView Deepthroat,SideView Deepthroat,已测试,https://civitai.com/models/1845306,"video of best quality and hyperdetailed. She adjusts her dress to peep on her perfectly shaped breasts. She slips and pull down the shoulder straps of her dress so the viewer can see her breasts and nipples completely as she looks at the camera. She stares at the man with a seductive stare. She keeps looking at the camera. a large long erect penis emerges from the left side of the screen. 

the woman flashes a smile at the camera and them performs a deepthroat blowjob on the man's penis. the woman's eyes are open as she performs oral sex, and she has a playful happy excited expression. she bob's her head forward and backwards repeatedly as she pleasures the man's penis with her mouth. a woman performing a deepthroat blowjob on a man's circumcised penis. she pushes her face down to his pelvis, choking on his penis and it pushes down her throat.",LORA_I2V_SideView_Deepthroat_H.safetensors,2088264,LORA_I2V_SideView_Deepthroat_L.safetensors,2088443,,,,,,,,,,,,
POV Body Cumshot Pullout,POV Body Cumshot,已测试,https://civitai.com/models/2031069,"b0dyshot (pull0ut) (s3lf / p4rtner / sp0ntaneous)
video of best quality and hyperdetailed. She adjusts her dress to peep on her perfectly shaped breasts. She slips and pull down the shoulder straps of her dress so the viewer can see her breasts and nipples completely as she looks at the camera. She stares at the man with a seductive stare. She keeps looking at the camera. she uses her hands to pull down her pants slightly, presenting her ginormous, pale ass bending over. leaking out of her anus and vagina.
a large long erect penis emerges from the left side of the screen.
The video shows a man ejaculating on a woman's stomach and chest.
He ejaculates on her stomach and breasts.
Her body and breasts covered in cum.
The cum spreads thickly across her stomach and breasts.
A huge, thick load of white cum shoots from the penis. the cum lands with a wet splat, spreading thickly across her stomach and breasts.
The woman is happy.The man is stroking his penis",LORA_I2V_POV_Body_Cumshot_Pullout_H.safetensors,2298673,LORA_I2V_POV_Body_Cumshot_Pullout_L.safetensors,2298928,,,,,,,,,,,,
Bouncy Forward Bends Show Her Breasts,Show Her Breasts,已测试,https://civitai.com/models/1433071,video of best quality and hyperdetailed. She adjusts her dress to peep on her perfectly shaped breasts. She slips and pull down the shoulder straps of her dress so the viewer can see her breasts and nipples completely as she looks at the camera. bends forward to show her cleavage,LORA_I2V_Bouncy_Forward_Bends_H.safetensors,2207480,LORA_I2V_Bouncy_Forward_Bends_L.safetensors,2207776,,,,,,,,,,,,
Slop Bounce,Slop Bounce,已测试,https://civitai.com/models/1944129,"video of best quality and hyperdetailed. She adjusts her dress to peep on her perfectly shaped breasts. She slips and pull down the shoulder straps of her dress so the viewer can see her breasts and nipples completely as she looks at the camera. her breasts bounce, shake, jiggle and sway",LORA_I2V_Slop_Bounce_H.safetensors,2209354,LORA_I2V_Slop_Bounce_L.safetensors,2209344,,,,,,,,,,,,
Slop Bounce Kiss,Slop Bounce Kiss,已测试,https://civitai.com/models/1944129,"video of best quality and hyperdetailed. She adjusts her dress to peep on her perfectly shaped breasts. She slips and pull down the shoulder straps of her dress so the viewer can see her breasts and nipples completely as she looks at the camera. her breasts bounce and shake. the camera zooms in on her face and chest. 

her lips fill the entire screen and she kisses the camera with her lips.",LORA_I2V_Slop_Bounce_H.safetensors,2209354,LORA_I2V_Slop_Bounce_L.safetensors,2209344,,,,,,,,,,,,
Slop Twerk Undress,Slop Twerk Undress,已测试,https://civitai.com/models/2008663,"the woman turns around to the right, displaying her back side in front of the viewer facing away from the viewer. she uses her hands to pull down her pants slightly, presenting her ginormous, pale ass bending over. leaking out of her anus and vagina. 

twerks causing her ass to jiggle and shake",LORA_I2V_Slop_Twerk_H.safetensors,2273468,LORA_I2V_Slop_Twerk_L.safetensors,2273467,,,,,,,,,,,,
Slop Twerk Naked,Slop Twerk Naked,已测试,https://civitai.com/models/2008663,"video of best quality and hyperdetailed. She adjusts her dress to peep on her perfectly shaped breasts. She slips and pull down the shoulder straps of her dress so the viewer can see her breasts and nipples completely as she looks at the camera. her breasts bounce and shake. the camera zooms in on her face and chest. 

the woman turns around to the right, displaying her back side in front of the viewer facing away from the viewer. she uses her hands to pull down her pants slightly, presenting her ginormous, pale ass bending over. leaking out of her anus and vagina. 

twerks causing her ass to jiggle and shake",LORA_I2V_Slop_Twerk_H.safetensors,2273468,LORA_I2V_Slop_Twerk_L.safetensors,2273467,,,,,,,,,,,,
Seductive Turns,Seductive Turns,已测试,https://civitai.com/models/1663409,"video of best quality and hyperdetailed. She adjusts her dress to peep on her perfectly shaped breasts. She slips and pull down the shoulder straps of her dress so the viewer can see her breasts and nipples completely as she looks at the camera. her breasts bounce and shake. the camera zooms in on her face and chest.  

the woman turns around to the right, displaying her back side in front of the viewer facing away from the viewer. she uses her hands to pull down her pants slightly, presenting her ginormous, pale ass bending over. leaking out of her anus and vagina. 

doing the turning pose, she is turning a half circle and then walks away",LORA_I2V_Seductive_Turns_H.safetensors,2212521,LORA_I2V_Seductive_Turns_L.safetensors,2212510,,,,,,,,,,,,
Orgasm Face,Orgasm Face,已测试,https://civitai.com/models/1932929,She is orgasming. She is experiencing an orgasm. She closes her eyes and has a screaming orgasm.,LORA_I2V_Orgasm_Face_H.safetensors,2187729,LORA_I2V_Orgasm_Face_L.safetensors,2187757,,,,,,,,,,,,
Orgasm Face Undress,Orgasm Face Undress,已测试,https://civitai.com/models/1932929,"video of best quality and hyperdetailed. She adjusts her dress to peep on her perfectly shaped breasts. She slips and pull down the shoulder straps of her dress so the viewer can see her breasts and nipples completely as she looks at the camera. 

she uses her hands to pull down her pants slightly, presenting her ginormous, pale ass bending over. leaking out of her anus and vagina.

She is orgasming. She is experiencing an orgasm. She closes her eyes and has a screaming orgasm.",LORA_I2V_Orgasm_Face_H.safetensors,2187729,LORA_I2V_Orgasm_Face_L.safetensors,2187757,,,,,,,,,,,,
Cheek Fuck Insertion,Cheek Fuck,已测试,https://civitai.com/models/1981666,A penis appears from the left of frame. He inserts his penis into her mouth. A man is moving his penis in and out of a woman's mouth.,LORA_I2V_Cheek_Fuck_Insertion_H.safetensors,2243201,LORA_I2V_Cheek_Fuck_Insertion_L.safetensors,2243217,,,,,,,,,,,,
Cheek Fuck Insertion Undress,Undress Cheek Fuck,已测试,https://civitai.com/models/1981666,"video of best quality and hyperdetailed. She adjusts her dress to peep on her perfectly shaped breasts. She slips and pull down the shoulder straps of her dress so the viewer can see her breasts and nipples completely as she looks at the camera. 
A penis appears from the left of frame. He inserts his penis into her mouth. A man is moving his penis in and out of a woman's mouth.",LORA_I2V_Cheek_Fuck_Insertion_H.safetensors,2243201,LORA_I2V_Cheek_Fuck_Insertion_L.safetensors,2243217,,,,,,,,,,,,
Face Down Ass Up Cut,Face Down Ass Up Cut,已测试,https://civitai.com/models/1929094,"video of best quality and hyperdetailed. She adjusts her dress to peep on her perfectly shaped breasts. She slips and pull down the shoulder straps of her dress so the viewer can see her breasts and nipples completely as she looks at the camera. 

she uses her hands to pull down her pants slightly, presenting her ginormous, pale ass bending over. leaking out of her anus and vagina.

Then Immediately cut to a new scene where the exact same person is now completely naked and a man hold female in place with his strong hands. Male thrust his hips sensually forward and backward, so his penis go in and out of female vagina in a slow steady rhytm the whole video.
He does all the job.
Female ass bounce naturally. she looks at the camera. ",LORA_I2V_Face_Down_Ass_Up_H.safetensors,2183383,LORA_I2V_Face_Down_Ass_Up_L.safetensors,2183388,,,,,,,,,,,,
GodPussy Zooms In Rubbing,Zooms In Rubbing,已测试,https://civitai.com/models/1955914,"Woman smiles at camera. She then sits on the floor, exposing her innie vagina. The camera zooms in for a close up of the womans vulva, with her labia and clitoral hood clearly visible. The skin tone is light, with a natural, unfiltered appearance and visible pores. She is moving her fingers slowly across her wet labia. The scene shows pussy play. handheld camera. She inserts two fingers into her pussy. She masturbates by sliding her fingers in and out of her pussy. handheld camera. She starts rubbing her vagina with her fingers. handheld camera.",LORA_I2V_GodPussy_H.safetensors,2213764,LORA_I2V_GodPussy_L.safetensors,2213738,,,,,,,,,,,,
GodPussy Zooms In Undress,Undress Zooms In,已测试,https://civitai.com/models/1955914,"video of best quality and hyperdetailed. She adjusts her dress to peep on her perfectly shaped breasts. She slips and pull down the shoulder straps of her dress so the viewer can see her breasts and nipples completely as she looks at the camera.

she uses her hands to pull down her pants slightly, leaking out of her anus and vagina.

Exposing her innie vagina. The camera zooms in for a close up of the womans vulva, with her labia and clitoral hood clearly visible. The skin tone is light, with a natural, unfiltered appearance and visible pores. She starts rubbing her vagina with her fingers. handheld camera.",LORA_I2V_GodPussy_H.safetensors,2213764,LORA_I2V_GodPussy_L.safetensors,2213738,,,,,,,,,,,,
GodPussy Zooms In,Pussy Zooms In,已测试,https://civitai.com/models/1955914,"she uses her hands to pull down her pants Quickly, show her vagina. Woman smiles at camera. She then sits on the floor, show her vagina. The camera zooms in for a close up of the womans vulva. Close-up stays for 2 seconds The upward-looking camera angle.",LORA_I2V_GodPussy_H.safetensors,2213764,LORA_I2V_GodPussy_L.safetensors,2213738,,,,,,,,,,,,
Handjob,Handjob,已测试,https://civitai.com/models/2078995,"a man enters from the side, only his lower body is visible, side view of his hips, thighs and legs, with a gigantic erected penis with testicles appears and she starts giving this man a handjob. she is stroking his penis with one hand handj0b (twistJob)",LORA_I2V_Handjob_H.safetensors,2352366,LORA_I2V_Handjob_L.safetensors,2352388,,,,,,,,,,,,
JOI Handjob Trend,Handjob Trend,已测试,https://civitai.com/models/1949505,"She is sticking her tongue out. Her hand is performing a rapid, rhythmic motion, moving up and down at a speed that mimics the pace of a handjob.",LORA_I2V_JOI_Handjob_Trend_H.safetensors,2206435,LORA_I2V_JOI_Handjob_Trend_L.safetensors,2206446,,,,,,,,,,,,
Leg Aside Pose Transition,Leg Aside Sex,已测试,https://civitai.com/models/2118407,scene cuts and she is having sex with her leg aside,LORA_I2V_Leg_Aside_Pose_Transition_H.safetensors,2401448,LORA_I2V_Leg_Aside_Pose_Transition_L.safetensors,2401470,,,,,,,,,,,,
Casting Sex Reverse Cowgirl,Sex Reverse Cowgirl,已测试,https://civitai.com/models/2121111,The screen goes dark and then lights up again to show the woman having sex with a man. reverse_cowgirl_lie_front_vagina.,LORA_I2V_Casting_Sex_Reverse_Cowgirl_H.safetensors,2399433,LORA_I2V_Casting_Sex_Reverse_Cowgirl_L.safetensors,2399440,,,,,,,,,,,,
Casting Sex Doggy,Casting Sex Doggy,已测试,https://civitai.com/models/2131565,The screen goes dark and then lights up again to show the woman having sex with a man. doggy_kneel_diagonally_behind_vagina.,LORA_I2V_Casting_Sex_Doggy_H.safetensors,2411224,LORA_I2V_Casting_Sex_Doggy_L.safetensors,2411232,,,,,,,,,,,,
Naked Men Appear,Naked Men Appear,已测试,https://civitai.com/models/2048121,A woman is standing. A naked man with erect penis walks in from the left edge of the screen. The woman kneels and licks the naked man's penis.,LORA_I2V_Naked_Men_Appear_H.safetensors,2317996,LORA_I2V_Naked_Men_Appear_L.safetensors,2318034,,,,,,,,,,,,
Naked Men Appear,Grabs Penises ,已测试,https://civitai.com/models/2048121,"A woman is standing. Two naked men with an erect penis walks in from the edge of the screen.  Two men stand on either side of the woman. The woman kneels, grabs the penises of the two men, and strokes them left and right.",LORA_I2V_Naked_Men_Appear_H.safetensors,2317996,LORA_I2V_Naked_Men_Appear_L.safetensors,2318034,,,,,,,,,,,,
Naked Men Appear,Seven Men,已测试,https://civitai.com/models/2048121,A woman is standing. Seven naked men with an erect penis walks in from the edge of the screen. The seven men stand around the woman.,LORA_I2V_Naked_Men_Appear_H.safetensors,2317996,LORA_I2V_Naked_Men_Appear_L.safetensors,2318034,,,,,,,,,,,,
Small Breasts,Small Breasts,已测试,https://civitai.com/models/1983079,"girl lifts up her t-shirt, exposing her bare breasts, smiling at camera,",LORA_I2V_Small_Breasts_H.safetensors,2244856,LORA_I2V_Small_Breasts_L.safetensors,2244767,,,,,,,,,,,,
Twerking,Nude Twerking,已测试,https://civitai.com/models/1953874,"the woman turns around to the right, displaying her back side in front of the viewer facing away from the viewer. she uses her hands to pull down her pants slightly, presenting her ginormous, pale ass bending over. leaking out of her anus and vagina. A woman is twerking and shaking her ass. She has a curvy body and a huge ass.",LORA_I2V_Twerking_H.safetensors,2363074,LORA_I2V_Twerking_L.safetensors,2363087,,,,,,,,,,,,
Breast Insertion,Breast Insertion,已测试,https://civitai.com/models/1972311,"The woman takes off all her clothes stripping completely naked, A naked man with erect penis walks in from the left side of the screen and lift the woman in suspended congress position, they have sex, man thrust his penis in and out of the woman's vagina, the woman's body bounces as man pounds her, the man is standing straight lifting the woman in his arms, they are facing eachother",LORA_I2V_Breast_Insertion_H.safetensors,-,LORA_I2V_Breast_Insertion_L.safetensors,-,,,,,,,,,,,,
Edible Anuses,Anuses View,已测试,https://civitai.com/models/2143379,"A woman places her crotch over the camera, obscuring the view. The final frame of the video is a close up of the woman's crotch.the woman is wearing a skirt. she turns around places her crotch over the camera, obscuring the view. The final frame of the video is a close up of the woman's crotch. The woman's pussy is visible near the end of the video.",LORA_I2V_Edible_Anuses_H.safetensors,2438671,LORA_I2V_Edible_Anuses_L.safetensors,2433303,,,,,,,,,,,,
Wink,Wink,已测试,https://civitai.com/models/1936550/,A woman winks once.,LORA_I2V_Wink_H.safetensors,2191786,LORA_I2V_Wink_L.safetensors,2191798,,,,,,,,,,,,
Winks Undress,Nude Winks,已测试,https://civitai.com/models/1936550/,"The woman takes off all her clothes stripping completely naked, woman winks once.",LORA_I2V_Wink_H.safetensors,2191786,LORA_I2V_Wink_L.safetensors,2191798,,,,,,,,,,,,
Kiss From The Window,AI Kiss,已测试,https://civitai.com/models/1929992,"First-person perspective. The camera shows a bed room. The next moment, the camera pulls back, revealing that the camera was looking through a small glass window in the door.
A man with walks in from the right edge of the small window in the door. The man stands side the woman. The two kiss.",LORA_I2V_Kiss_From_The_Window_H.safetensors,2184417,LORA_I2V_Kiss_From_The_Window_L.safetensors,2184427,,,,,,,,,,,,
Panties Aside,Panties Aside,已测试,https://civitai.com/models/2085560,"A woman is squatting. The woman pulls her panties aside, exposing her vagina.",LORA_I2V_Panties_Aside_H.safetensors,2359699,LORA_I2V_Panties_Aside_L.safetensors,2359704,,,,,,,,,,,,
Sex Blowjob Sit Front Suck,Front Suck,已测试,-,The scene changes to show a woman having sex with a man. blowjob_sit_front_suck.,LORA_I2V_Casting_Sex_Blowjob_Sit_Front_Suck_H.safetensors,-,LORA_I2V_Casting_Sex_Blowjob_Sit_Front_Suck_L.safetensors,-,,,,,,,,,,,,
Facial Piss,Facial Piss,已测试,-,"A woman and A man face each other. The woman sitting and the man standing. The man's pee shoots out from the tip of his penis. The man pees in the woman's face. The woman catches the man's urine in her mouth, and the urine that has accumulated in her mouth overflows.",LORA_I2V_Facial_Piss_V1_H.safetensors,-,LORA_I2V_Facial_Piss_V1_L.safetensors,-,,,,,,,,,,,,
Lift Up Bra,Lift Up Bra,已测试,-,"A woman is standing. A man with walks in from the right edge of the screen. The man stands behind the woman. The man reaches around from behind, grabs the bottom of her bra, and quickly lifts it up, revealing her large breasts. Her nipples and areola are lightly pigmented.",LORA_I2V_Lift_Up_Bra_H.safetensors,-,LORA_I2V_Lift_Up_Bra_L.safetensors,-,,,,,,,,,,,,
Tear Shirt,Tear Shirt,已测试,-,A woman is standing. A man with walks in from the left edge of the screen. The man stands behind the woman. The man grabs the woman's shirt by the front with both hands and tear it open with all his might. The woman's bra is revealed. ,LORA_I2V_Tear_Shirt_H.safetensors,-,LORA_I2V_Tear_Shirt_L.safetensors,-,,,,,,,,,,,,
Lick Tits,Lick Tits,已测试,-,The woman takes off all her clothes stripping completely naked. then this woman is standing. A man with walks in from the right edge of the screen. The man licks the woman's right nipple.,LORA_I2V_Lick_Tits_H.safetensors,-,LORA_I2V_Lick_Tits_L.safetensors,-,,,,,,,,,,,,
Lick Tits Two Man,Lick Tits Two Man,已测试,-,"The woman takes off all her clothes stripping completely naked. then this woman is standing. Two men with walks in from the edge of the screen. The man on the right licks the woman's right nipple, and the man on the left licks the woman's left nipple.",LORA_I2V_Lick_Tits_H.safetensors,-,LORA_I2V_Lick_Tits_L.safetensors,-,,,,,,,,,,,,
Lick Tits Three Man,Lick Tits Three Man,已测试,-,"A woman is standing. A man with walks in from the left edge of the screen. The man reaches around from behind, grabs the bottom of her bra, and quickly lifts it up, revealing her large breast. Her nipples and areola are lightly pigmented. Two men walks in from the edge of the screen. The man on the right licks the woman's right nipple, and the man on the left licks the woman's left nipple.",LORA_I2V_Lick_Tits_H.safetensors,-,LORA_I2V_Lick_Tits_L.safetensors,-,,,,,,,,,,,,
Lift Up Shirt,Lift Up Shirt,已测试,-,A woman dressed casually is standing. A man with walks in from the right edge of the screen. The man stands behind the woman. The man grabs the hem of the woman's shirt with both hands from behind and lifts up her shirt quickly. The woman's sexy bra is revealed. The woman has large breasts.,LORA_I2V_Lift_Up_Shirt_H.safetensors,-,LORA_I2V_Lift_Up_Shirt_L.safetensors,-,,,,,,,,,,,,
Remove Bra,Remove Bra,已测试,-,"A woman is standing wearing only a bra on her upper body. A man with walks in from the right edge of the screen. The man stands behind the woman. The man unhooks the back of the woman's bra, causing the hook to pop and loosen her bra. The man then removes the woman's bra, revealing her very large breasts.",LORA_I2V_Remove_Bra_H.safetensors,-,LORA_I2V_Remove_Bra_L.safetensors,-,,,,,,,,,,,,
Huge Titfuck,Huge Titfuck,已测试,https://civitai.com/models/1867280,"The woman quickly took off all her clothes, Then Immediately cut to a new scene. Titjob. She kneels between the legs of a naked young man with a massive erect cock. She holds her breasts, squeezing them with her hands, and then places them between the man's penis, bouncing them up and down. She moves her breasts up and down around his erect penis and tit fucks him in a constant rhythmic motion. A lot of white cum drips from the penis and flows profusely down his penis.",LORA_I2V_Huge_Titfuck_H.safetensors,2180271,LORA_I2V_Huge_Titfuck_L.safetensors,2166737,,,,,,,,,,,,
POV Cowgirl Insertion,POV Cowgirl Fuck,已测试,https://civitai.com/models/2048863,"The woman quickly took off all her clothes, Then Immediately cut to a new scene.
This woman having sex with a man. She is straddling a man's penis in cowgirl position, she is squatting above the man and she is bouncing up and down on the penis. She is rocking her body up and down. 
She is staring at the viewer seductively.
Her dress slip down slowly to under her breasts slowly revealing her breasts at the same time.
her breasts are bouncing.
camera is still and stable.",LORA_I2V_POV_Cowgirl_Insertion_H.safetensors,2318876,LORA_I2V_POV_Cowgirl_Insertion_L.safetensors,2318821,,,,,,,,,,,,